id,penalty,l1_ratio,alpha,max_iter,random_state,n_jobs,n_samples,n_features,n_classes,n_clusters_per_class,n_informative,flip_y,scale,time
0,none,0.3040826375906649,0.0001,417,475,-1,1089,327,4,3,7,0.07479794945725239,24.24200892577237,0.409987211227417
1,l1,0.7277441802627995,0.001,578,569,1,790,373,4,5,7,0.07778086970406906,54.626301950189344,3.9509527683258057
2,none,0.745885421981778,0.01,588,529,2,428,1198,2,5,6,0.030196244071848,17.999964008578203,0.3687019348144531
3,none,0.47460508154356074,0.001,829,103,4,877,313,6,5,7,0.05726111196739875,82.25722236611178,1.00455904006958
4,elasticnet,0.39504943688096783,0.001,167,418,2,216,644,8,5,11,0.07372770053649044,95.51560075757996,0.802800178527832
5,l1,0.3588374957904995,0.001,986,94,4,1396,861,4,2,6,0.09748338067033964,31.973446813472975,7.9161131381988525
6,none,0.7585653839942273,0.0001,929,532,2,908,691,5,2,6,0.09532428303952556,98.2383666714948,2.206062078475952
7,l1,0.28284061070548894,0.0001,422,143,8,677,737,9,5,8,0.04046325489481176,54.62820555371398,2.4071426391601562
8,l1,0.7661758876856857,0.01,308,85,8,498,1191,2,4,9,0.0256387618132787,54.16634644558742,1.0023410320281982
9,l2,0.2490184932637317,0.001,510,574,8,1380,803,9,5,10,0.024620434819469406,75.04805403825827,1.6071443557739258
10,none,0.8680995692048329,0.0001,479,535,8,1178,1047,7,4,8,0.017704942428251415,73.65881618233341,0.9056992530822754
11,l2,0.5742061293137437,0.0001,259,960,2,860,639,10,2,11,0.03616481495832862,82.90484142005124,1.0038418769836426
12,elasticnet,0.42195609141377366,0.001,618,460,4,628,195,3,5,9,0.077583934574177,12.870010336320872,0.8033866882324219
13,l2,0.4984612123067702,0.01,668,503,8,500,1370,9,4,8,0.08575708243973679,47.61937705868872,1.2073915004730225
14,l2,0.6587242099913071,0.0001,386,66,2,907,1090,5,3,9,0.0876985114764327,43.70476987818604,1.5073115825653076
15,none,0.19389172529918391,0.0001,103,288,2,111,573,3,3,8,0.005868679446968262,23.33802954308096,0.10173439979553223
16,none,0.7960227679052791,0.01,691,947,1,484,1276,3,5,7,0.08791140299792735,86.08049311747857,1.5640795230865479
17,elasticnet,0.6317504304161463,0.01,719,259,2,103,209,9,3,9,0.05438506551653896,76.88807496251782,0.6033122539520264
18,elasticnet,0.43155858753255794,0.001,265,895,4,646,1001,3,5,7,0.025358379135817777,53.09529102472871,1.4056007862091064
19,elasticnet,0.7345661136846621,0.0001,365,736,2,1251,877,4,4,11,0.043639043188316434,89.98466958507775,6.0138421058654785
20,none,0.7285332615700323,0.001,213,101,4,222,128,6,4,8,0.0008417235153927449,20.919170879282614,0.10415363311767578
21,elasticnet,0.6600388540049907,0.001,280,443,8,336,646,3,5,6,0.06647163809040217,17.711963200158443,0.5041308403015137
22,none,0.677498027639295,0.0001,213,445,2,859,562,8,2,9,0.03103868562128055,43.45140268945576,0.6031734943389893
23,none,0.18438998226164083,0.01,306,446,-1,704,611,10,5,8,0.025607122260768944,26.313838231426175,0.30861377716064453
24,l1,0.5011216536136293,0.0001,695,254,2,893,405,3,2,6,0.08439677229296458,90.24700006235216,3.1070635318756104
25,none,0.6276622009258644,0.001,871,499,1,173,468,6,3,9,0.047897247997283,52.69709212143285,0.5425331592559814
26,elasticnet,0.3245782630431623,0.001,973,987,2,426,245,7,3,9,0.042227339986699156,81.57823513341063,3.107123851776123
27,l2,0.8561946304196905,0.0001,763,834,4,584,130,6,4,11,0.08896351678170922,39.54142929964096,0.30266284942626953
28,none,0.24704260286445373,0.001,130,854,-1,1244,960,10,2,9,0.04282811077193123,19.313554114738263,0.307452917098999
29,none,0.634387545939685,0.01,846,531,2,409,1243,9,5,11,0.028190907986109383,56.159862698516385,2.7064526081085205
30,l2,0.8510890738622,0.001,362,610,-1,1052,973,9,2,10,0.028050896483092225,84.78298125161471,0.7103745937347412
31,l2,0.8216642094476111,0.001,161,978,2,621,1037,6,5,7,0.09814697547263092,67.65263264625281,0.4031496047973633
32,l2,0.6542838550567868,0.0001,944,678,4,151,835,3,4,9,0.021448468438189663,56.52769059834354,0.2023482322692871
33,l1,0.3257694510905947,0.001,420,390,4,1058,607,8,3,7,0.09658465355286139,32.414644129917825,3.708951234817505
34,none,0.7971493593977803,0.001,794,684,2,826,327,3,5,10,0.0645607231819216,71.06891425356851,0.8034977912902832
35,elasticnet,0.41555957089457973,0.001,639,205,2,418,768,4,4,8,0.028196963142578624,8.132057461027113,2.906409978866577
36,none,0.7404370989013533,0.01,735,524,2,1071,889,9,4,10,0.007839659801525468,38.66135658889757,5.011070013046265
37,none,0.3789600115834346,0.001,265,571,8,602,530,3,4,7,0.011067881120143975,61.64210878490057,0.20430803298950195
38,l1,0.8840075789107326,0.0001,944,502,2,1396,493,10,2,11,0.09174469185288535,61.538579868710414,22.135640382766724
39,none,0.6716039424758871,0.001,123,525,2,267,509,7,5,9,0.09063417498141625,78.0603863685386,0.1030123233795166
40,l1,0.24525508657003572,0.001,452,293,-1,1194,1028,8,2,8,0.0667047897988047,64.3545332196565,3.6164932250976562
41,elasticnet,0.12301806509370294,0.001,833,375,4,219,1309,5,4,9,0.024287178213052898,10.269576434759331,3.2080135345458984
42,l2,0.6675707781727888,0.001,976,842,8,1217,113,7,4,11,0.07200079964563826,43.58349769783685,0.5041821002960205
43,none,0.669810868816691,0.01,913,713,-1,329,806,3,3,7,0.06429757013824731,87.972304908502,0.40801453590393066
44,l2,0.8952199191980772,0.01,255,264,4,1064,627,7,4,8,0.0425560249806034,2.710736649877209,0.5038797855377197
45,l2,0.31950425004433114,0.001,420,434,2,1366,944,5,5,9,0.05688755102155586,92.74873644756782,2.107222318649292
46,elasticnet,0.44055626674393256,0.0001,480,139,2,1047,523,6,3,7,0.0410089248412041,34.274398784122624,6.312537670135498
47,elasticnet,0.7187414191134247,0.0001,335,233,2,952,1379,7,5,12,0.06935144384447438,5.965018567875392,12.423436164855957
48,elasticnet,0.5414965905671205,0.001,757,717,1,910,1059,5,2,10,0.028574633627662372,99.66447324821286,25.186214208602905
49,none,0.4496557843334914,0.0001,513,658,-1,107,154,10,2,7,0.08139442325341502,6.651352635978865,0.1069338321685791
50,l1,0.7695571806568671,0.0001,769,601,8,1152,233,8,2,11,0.022866477078510528,40.02270228329921,2.3074512481689453
51,elasticnet,0.5235378988965808,0.01,686,191,4,486,369,5,5,9,0.06909200940448465,99.1023199925683,1.805185317993164
52,l1,0.6611519079087187,0.0001,172,485,1,1284,826,6,3,7,0.0668817724868153,55.35308721584628,6.076055526733398
53,elasticnet,0.5207638153587055,0.001,397,670,2,497,770,2,5,10,0.07296265397572932,52.98487009901202,1.0489177703857422
54,elasticnet,0.16735354478384448,0.001,199,527,8,637,415,3,4,9,0.005147936700897338,55.198914969885536,0.5050563812255859
55,l1,0.1663316073858921,0.0001,735,216,1,1313,686,3,4,9,0.0033718580514147225,95.43242065712195,10.916383266448975
56,elasticnet,0.5373272297946595,0.01,939,533,-1,280,585,7,4,10,0.030784563183518122,96.31701636546454,1.3078649044036865
57,l2,0.5783712904045345,0.001,526,675,-1,476,481,8,4,12,0.09317310722412209,90.58993805310217,0.20750188827514648
58,none,0.13628286851694354,0.0001,727,543,4,1290,1048,7,3,7,0.0140836483861294,17.720839831322664,2.6082863807678223
59,none,0.3335926773800143,0.01,686,6,8,1039,431,4,4,10,0.02025869713173724,5.774012521822102,0.6050031185150146
60,none,0.533076731795474,0.001,758,454,8,1234,1252,4,3,10,0.01930982997985945,32.552637583657415,1.6086952686309814
61,none,0.6985907193837194,0.01,600,778,1,763,1394,2,4,10,0.010422641637534636,19.846280209093248,0.7831168174743652
62,l1,0.1458609365705768,0.0001,315,812,2,1157,459,4,3,9,0.09450055217448178,61.03125694502349,2.5060436725616455
63,l1,0.7800786390018786,0.0001,839,788,2,239,211,9,2,7,0.08420323918835816,80.18689157748123,1.5040998458862305
64,none,0.8476485957129611,0.01,560,206,1,1351,162,9,5,11,0.004227882502138425,64.22695031151193,1.9923043251037598
65,l1,0.7644241872872437,0.001,275,78,8,592,316,5,3,9,0.008014936131210394,95.61217465164502,0.40386176109313965
66,none,0.7959420991727629,0.001,401,801,1,663,1295,8,2,11,0.014647189940011707,39.99192763316262,3.3555126190185547
67,l2,0.4295011572021925,0.0001,924,439,4,388,707,3,5,10,0.08897883598458463,25.31745481932301,0.4037935733795166
68,l2,0.8844695832508869,0.01,370,137,8,517,1263,8,4,11,0.08232039900944621,79.59594836706216,0.4047586917877197
69,l2,0.7813580651461537,0.001,373,763,4,1273,339,2,5,8,0.0314742879338604,28.364548370344597,0.29621005058288574
70,none,0.722191940447987,0.001,764,493,8,664,1073,3,2,6,0.0699202045342529,68.18126302798855,0.705033540725708
71,l2,0.5733142239953207,0.01,274,744,2,733,262,4,3,8,0.09645148455233274,61.88778305300314,0.3022291660308838
72,l1,0.2897555425407708,0.01,270,324,1,1296,1264,5,2,10,0.07304949065061782,36.7815713675826,12.606068134307861
73,l2,0.6330553464338657,0.0001,212,528,1,545,1099,5,3,7,0.027015069109764325,5.081792131172312,0.7832143306732178
74,l2,0.8160960502041162,0.001,251,194,8,555,1121,4,4,7,0.02335571417277973,91.55558503433511,0.3048725128173828
75,l1,0.4384201286058843,0.0001,460,2,-1,1126,1155,5,3,9,0.04794221509282807,25.32395358951146,3.6176950931549072
76,elasticnet,0.16812692312121974,0.01,737,958,2,1050,809,8,4,10,0.0833761679380885,97.33345437445593,18.02988076210022
77,none,0.2259206739618292,0.001,797,646,1,819,543,4,2,8,0.02981575183841726,95.31878888064445,1.8070294857025146
78,l1,0.7158647246279053,0.01,423,651,1,869,311,4,2,6,0.039076710866044556,8.238954435884622,2.6755356788635254
79,l2,0.7243331252036573,0.001,689,724,1,469,980,3,2,8,0.02263022392509674,72.73738518081693,1.1693971157073975
80,l2,0.47023775527312817,0.0001,817,636,-1,977,281,5,3,9,0.0501818020544648,8.63276302675081,0.5089981555938721
81,elasticnet,0.6815313500801998,0.0001,803,484,4,727,695,9,3,10,0.027913600393896912,3.8096901978073943,8.816298007965088
82,elasticnet,0.719170987466786,0.01,765,588,2,716,1326,2,5,7,0.02515933612439395,36.203358160747555,4.876769542694092
83,elasticnet,0.6780894845426568,0.0001,247,245,4,229,947,9,4,9,0.0575133324697251,3.190432879054821,1.204249382019043
84,l1,0.20282012954449735,0.001,870,996,1,679,291,10,5,9,0.05332177781689062,50.37560775775348,10.150572299957275
85,none,0.5475678811273096,0.01,303,991,2,316,604,3,3,10,0.04378710609422018,44.34279013142905,0.20273900032043457
86,elasticnet,0.6144576809408471,0.0001,723,528,-1,622,655,2,5,10,0.010718198006165691,80.29550416028638,2.045994281768799
87,none,0.6602900766328983,0.0001,443,747,-1,366,1020,3,3,7,0.0168378620899626,77.61048893563425,0.3084378242492676
88,elasticnet,0.34774724227155823,0.01,749,842,4,1336,696,2,2,7,0.06903141453053022,31.870340200681664,3.9894206523895264
89,elasticnet,0.2164564782421996,0.01,816,481,2,178,187,10,2,11,0.06059616707965553,33.88345781618676,1.1040050983428955
90,none,0.41910316992862773,0.001,519,737,-1,956,586,9,4,11,0.06194852529370814,14.389723956116182,0.6093137264251709
91,none,0.2579260448134074,0.001,696,75,8,1261,877,3,3,9,0.0817309470791511,2.4385327669669503,1.1061985492706299
92,l1,0.5213275563571693,0.01,453,553,4,599,732,4,3,9,0.0608350860889583,21.20743820313216,1.304980754852295
93,l2,0.10783522353600371,0.0001,277,622,8,1118,478,5,5,9,0.005698099408123792,62.737518814793155,0.3040142059326172
94,elasticnet,0.796808239162756,0.001,738,565,4,141,1137,4,2,8,0.00047422143237767504,23.978284373015786,0.9035139083862305
95,none,0.3527926084115345,0.001,105,120,4,1057,1263,6,4,8,0.004817400208749856,42.038458863965005,0.40472888946533203
96,l1,0.6800409836931776,0.01,291,266,8,1283,1159,4,4,11,0.09058378040106348,26.438235058625487,2.8108086585998535
97,elasticnet,0.2507379302379513,0.01,674,1000,8,1220,729,6,2,6,0.0032990972865976076,85.98874629444364,4.412492513656616
98,l2,0.1938417667867386,0.01,277,955,8,619,280,5,2,7,0.04505320201662111,96.42851189119698,0.2041153907775879
99,elasticnet,0.2541408234553223,0.001,348,990,4,1150,300,4,5,8,0.09305782416639607,98.07395408103051,1.404977798461914
100,l1,0.7121113422597233,0.01,483,211,-1,1299,130,6,3,9,0.015476461706330569,94.52401720615589,1.1101112365722656
101,none,0.8369647116906359,0.01,392,170,4,1192,1195,8,5,8,0.06960539541802299,60.15583045313036,1.7092716693878174
102,elasticnet,0.5522681641945528,0.0001,105,230,-1,1063,922,10,5,8,0.021835744744154298,25.32858058236999,1.1138701438903809
103,l2,0.695610175164051,0.0001,832,973,-1,948,1299,8,2,9,0.012388354577656958,7.079640745360611,1.5111682415008545
104,l2,0.8359062968296559,0.01,982,214,4,581,605,6,5,10,0.031223133677859297,15.351909428968211,0.9041521549224854
105,l2,0.37144674470121763,0.001,875,752,8,784,650,5,3,9,0.03379542191710742,83.25792976800689,0.704808235168457
106,l2,0.6947105700080405,0.01,322,533,-1,1182,310,8,2,8,0.04645090476121019,13.392214468043795,0.3079860210418701
107,none,0.26593031257580857,0.0001,254,798,-1,641,952,6,4,11,0.008695687813015463,28.601442570854633,0.3062272071838379
108,l2,0.32578365733742676,0.01,555,631,-1,1285,1227,8,4,8,0.00803758476408114,66.71466471736042,1.3106327056884766
109,l2,0.6039255965318284,0.0001,462,179,4,328,1039,7,5,8,0.025783833679965864,70.11854639682109,0.40360188484191895
110,none,0.14159254724095893,0.001,794,196,4,972,516,3,3,7,0.09320505311446328,70.87900402502727,0.6036806106567383
111,l2,0.5424551003985583,0.01,478,675,4,252,483,2,4,8,0.002610211867030976,35.225683644161755,0.07534170150756836
112,none,0.6934076923540307,0.0001,316,728,4,707,300,2,4,8,0.009515852078830857,31.19279889348143,0.09172463417053223
113,l1,0.26605189371711724,0.01,638,695,4,444,149,5,3,8,0.013493280489573024,87.95687312175033,0.6031577587127686
114,elasticnet,0.6095512025522825,0.001,493,629,4,1105,637,2,3,6,0.015737663174637963,4.748500638214388,2.221226215362549
115,elasticnet,0.33534869042145476,0.001,895,157,8,752,1080,4,3,10,0.04794167360484371,84.18964004672155,5.61328911781311
116,none,0.15817688570499505,0.001,902,9,8,1194,480,7,4,8,0.05157171248318252,46.5083749337412,1.1058950424194336
117,elasticnet,0.8340401909975071,0.0001,224,697,8,1330,589,4,2,10,0.07248992827282057,32.81719608488261,1.5071134567260742
118,none,0.36438318264809744,0.01,820,155,4,1274,1318,7,4,10,0.038617116314076584,76.7695481399613,3.912236452102661
119,elasticnet,0.1049491339292068,0.0001,500,505,-1,1339,1047,7,3,11,0.07623611207873456,7.063580260680571,5.622286558151245
120,l1,0.8360163655301228,0.01,113,7,2,624,816,9,4,11,0.013258723570293719,88.27767317338736,1.7052292823791504
121,elasticnet,0.26348436983255996,0.01,112,664,4,1047,179,5,5,9,0.02041296464407203,59.35628169187531,0.4028890132904053
122,l1,0.3371130031732249,0.0001,444,539,8,719,118,10,5,12,0.09192012128462498,69.02926792326046,0.9043483734130859
123,l2,0.4190103259407313,0.001,907,868,4,1321,1026,3,2,5,0.01777848685993464,35.129438553055536,1.7074494361877441
124,elasticnet,0.7352769394323213,0.001,510,999,-1,281,343,4,2,8,0.059310243115288847,44.58926384769729,0.5090444087982178
125,elasticnet,0.405188893352746,0.0001,442,119,-1,578,1035,7,4,9,0.05684392226883268,35.76619802220891,2.212547540664673
126,elasticnet,0.8153791073838983,0.0001,957,532,1,1395,802,3,2,7,0.002301650560204449,79.58992667785326,22.321520566940308
127,elasticnet,0.40508938923757987,0.0001,122,792,4,497,1030,4,3,9,0.0587772050512989,14.292437861681254,0.5045254230499268
128,none,0.7006973175181508,0.0001,119,202,4,433,863,9,2,11,0.09626130119241998,4.7624436481111685,0.20279216766357422
129,l1,0.6968173363303647,0.0001,719,538,4,444,838,10,2,9,0.019043847532037552,68.37654533713794,4.8104331493377686
130,l2,0.25880806784071453,0.01,522,539,2,1275,883,4,2,7,0.011512891228157985,50.23796358923656,1.5058014392852783
131,l1,0.12837049469273165,0.01,452,55,4,256,1095,6,3,7,0.042865430980721625,66.76752624501208,1.5052189826965332
132,l2,0.4808896554154394,0.001,451,12,8,1231,262,6,2,10,0.034021235049915326,77.88936692994525,0.40491652488708496
133,elasticnet,0.2563330003826425,0.0001,334,368,4,873,1024,8,3,8,0.0732364142601657,56.14595972521085,4.510543346405029
134,l2,0.8339017698004697,0.0001,350,42,1,936,1397,5,2,8,0.07427856903219665,15.520710302371848,2.8975203037261963
135,l1,0.12520033669976255,0.0001,711,892,8,267,142,2,2,9,0.08400974351447925,88.03324146755453,0.15279865264892578
136,elasticnet,0.8311281496850275,0.001,592,769,1,191,805,8,3,7,0.02997324597153236,18.286377980854155,5.008789539337158
137,elasticnet,0.49128625871290266,0.01,707,127,8,1074,508,8,3,7,0.07910161127240986,20.879586300402302,3.209592342376709
138,elasticnet,0.703836507347481,0.01,600,381,4,1284,830,3,3,7,0.09583045881403164,14.23217095314143,4.411065578460693
139,l2,0.6120403869468257,0.01,552,180,-1,1172,756,2,3,8,0.04739655021636592,61.33570818537361,0.6213223934173584
140,elasticnet,0.6473433654917187,0.0001,934,582,-1,703,1190,2,5,8,0.012635685293174449,10.12294775778457,5.368126392364502
141,elasticnet,0.760179375160248,0.001,701,0,-1,881,997,9,3,8,0.023105979287870573,38.80710655767568,4.818053483963013
142,l1,0.5961669325409924,0.0001,464,924,1,1378,223,6,3,8,0.03714907049014589,50.74215838332683,6.450396299362183
143,l1,0.8561765294656309,0.001,446,13,8,837,414,3,3,6,0.012444655123030869,28.443144393782998,1.1059157848358154
144,l2,0.87581151241005,0.01,431,19,4,1256,761,2,3,7,0.09004000505540859,77.0460407786932,0.5288445949554443
145,l1,0.8841546810920161,0.01,190,192,4,194,1037,3,4,7,0.06906086446297414,11.037936037974202,0.3029060363769531
146,none,0.3105053708396982,0.0001,761,671,1,1021,1362,9,5,11,0.09794672020043126,98.85266974467682,11.715166091918945
147,l1,0.8244612312243246,0.0001,902,99,1,107,1384,8,5,8,0.01568210809097097,77.88234755465804,5.963968276977539
148,none,0.18641051921546872,0.001,286,740,4,321,861,10,2,9,0.09148767335931408,60.565714007600555,0.303084135055542
149,none,0.12416729864913378,0.0001,434,745,-1,1351,1020,3,3,9,0.011966248770899203,7.163308468360434,0.8112385272979736
150,l2,0.37946126282719284,0.01,511,919,-1,742,146,8,3,11,0.014524126069923616,74.946201458432,0.20758461952209473
151,elasticnet,0.6802725094117619,0.0001,326,600,1,128,572,5,2,10,0.05486076773667449,97.64149243840228,0.8356008529663086
152,elasticnet,0.3484600028279943,0.001,664,397,-1,476,548,6,5,11,0.04373877718496632,28.923969865478497,1.510129690170288
153,l2,0.41493716036251405,0.0001,953,74,2,385,545,8,2,10,0.06786767159664116,75.92954737719278,1.203916072845459
154,none,0.7765813224622513,0.0001,221,628,-1,536,655,10,5,9,0.019354151133846555,73.0633664588311,0.2071692943572998
155,none,0.6022795080343182,0.0001,476,641,-1,1311,1123,6,5,9,0.09946763078717959,19.85625979898286,0.9102890491485596
156,l1,0.29807791606074985,0.001,952,819,1,717,814,6,3,8,0.0835157090821635,15.582684248912416,18.201372385025024
157,l2,0.27532609611273096,0.01,454,778,2,999,458,7,3,10,0.08219949361089096,48.54848960561864,1.305962324142456
158,none,0.28694042139889997,0.001,778,282,4,553,1333,7,5,8,0.0345590492677882,61.61805388104495,1.4059817790985107
159,l1,0.6967468352361912,0.001,143,554,8,141,1226,2,2,8,0.05774673445699701,89.68216741384141,0.13934731483459473
160,none,0.4686887744820768,0.01,958,646,1,194,181,3,2,7,0.07428620605724594,60.8079847459875,0.1424884796142578
161,elasticnet,0.22178689402827603,0.01,640,964,4,485,857,4,5,10,0.08763354763024368,68.16235976720728,2.0057997703552246
162,l1,0.8720900849371241,0.01,352,558,2,1197,675,9,2,7,0.06407359069245791,56.94033004856058,8.816213369369507
163,none,0.4380623732022222,0.01,204,98,-1,166,803,6,4,7,0.005976656557488136,93.99294883827577,0.10828185081481934
164,none,0.6997546821124712,0.01,943,838,2,343,1195,8,3,9,0.018574091108678126,16.38882782161223,1.9051475524902344
165,l1,0.1996834274147611,0.0001,880,789,8,639,1191,9,3,11,0.09240495578715298,1.9123897101666616,7.415954828262329
166,l1,0.5253313526383535,0.01,898,874,4,338,1064,6,5,10,0.06869228439620877,69.81606228655866,3.8081507682800293
167,none,0.7056203574859268,0.01,900,878,4,184,1076,5,4,9,0.023849230202231387,9.769388229939905,0.5030546188354492
168,elasticnet,0.5071485494253326,0.0001,727,881,-1,663,900,10,3,9,0.04199537066854733,20.46776908196692,3.6182000637054443
169,l1,0.36182813608605646,0.01,948,732,1,271,1063,4,4,8,0.05031378137724033,12.866238094533166,5.927548408508301
170,elasticnet,0.5332208011519418,0.001,878,447,1,160,227,10,2,9,0.02178879091357925,3.4862425764836305,2.075516700744629
171,none,0.7848266080977478,0.01,726,559,1,1048,357,10,3,8,0.07611581092819773,14.776065066665549,4.705183267593384
172,l2,0.49044313122331307,0.01,732,871,1,299,1081,7,3,8,0.05165195743601847,38.23551592410368,2.028899669647217
173,elasticnet,0.2834518173072904,0.01,911,612,2,760,724,10,3,11,0.03339080103655114,53.70549240888034,16.92639994621277
174,l2,0.2334250399639246,0.01,780,810,4,1142,1079,10,3,11,0.020693493322421253,58.500415724978815,3.7097811698913574
175,none,0.8033988507110407,0.01,761,303,2,145,1318,4,2,9,0.045213328946626934,5.175807697339457,0.40271997451782227
176,l1,0.386435973088055,0.01,202,873,8,867,999,6,4,7,0.07497882988768294,42.4665302426875,1.2064356803894043
177,l1,0.4970700928878692,0.01,420,883,1,886,1213,5,3,9,0.09976021843432287,36.47172491204603,12.56846570968628
178,elasticnet,0.7683199314506907,0.0001,715,91,1,1107,757,8,2,10,0.07566912215851763,40.098272033749154,33.45044708251953
179,elasticnet,0.4757739372841757,0.0001,414,872,2,1017,872,7,5,8,0.07886476703433491,23.153473483287012,10.519328832626343
180,elasticnet,0.40702608645777083,0.001,147,299,4,543,1039,10,5,12,0.05750018807569823,87.91822286186047,1.9061293601989746
181,elasticnet,0.6751892656541292,0.001,389,574,4,906,147,7,3,11,0.0773735238633318,82.42644200519926,1.304673671722412
182,none,0.3961017771946085,0.0001,159,556,4,999,1000,7,2,8,0.0038567366058669286,1.908348999306111,0.5043346881866455
183,l1,0.8384629900607877,0.001,998,418,-1,831,193,10,5,8,0.050863895829331644,50.84866376198778,1.8120307922363281
184,l2,0.7006602417198378,0.0001,930,899,2,700,1152,8,2,11,0.03927303772701865,6.392235087658731,3.7085418701171875
185,elasticnet,0.5634396550613812,0.01,875,177,-1,802,676,8,5,10,0.09958620792583006,45.84785364946817,3.612759590148926
186,elasticnet,0.5880191539602052,0.0001,856,573,2,1029,306,8,2,7,0.015516411625137928,45.22485525830618,9.815907955169678
187,elasticnet,0.32667499375702597,0.01,427,128,4,913,572,6,3,10,0.03867852944414396,93.03721661076206,3.4090800285339355
188,l1,0.15805986621490398,0.01,782,26,-1,308,1192,3,5,6,0.013620028346648983,98.54425790884419,1.7116775512695312
189,l1,0.695892457449826,0.001,105,374,2,1058,549,7,3,7,0.008472213627560099,74.75214642115628,1.5047574043273926
190,l2,0.34933819925632675,0.01,907,329,4,164,779,7,2,7,0.020502178320654176,43.38737102107846,0.3030436038970947
191,none,0.10035576805598936,0.01,374,640,2,750,504,7,4,10,0.07847938720487135,14.619177372464364,0.9034280776977539
192,elasticnet,0.6235250136912234,0.0001,692,120,4,144,1206,5,3,8,0.09437394007287189,16.655688374471126,1.8065874576568604
193,l1,0.12251804173421839,0.0001,228,140,4,395,931,5,5,7,0.04606709140610225,48.40266842408117,1.0063190460205078
194,none,0.18819013051869302,0.01,876,414,2,776,717,9,3,10,0.02150673988079186,77.71206752389337,3.207613706588745
195,l2,0.4000904563301678,0.001,824,320,8,676,1199,6,5,8,0.09568902370285137,98.2237321184475,1.0061206817626953
196,l1,0.7950434147675838,0.0001,998,198,1,1358,323,2,5,8,0.07102989778605871,13.715509885471072,3.6605052947998047
197,none,0.17815513409420947,0.001,670,939,1,559,178,7,5,8,0.07360812446344987,25.235183139932015,0.7782354354858398
198,elasticnet,0.6150780459753127,0.001,435,286,8,769,347,9,5,12,0.0669126121159188,71.38287333796042,1.9073288440704346
199,none,0.6292445618431122,0.0001,781,974,1,703,1130,3,4,8,0.00479370202774675,99.6245157494206,2.2772810459136963
200,elasticnet,0.43981124252806236,0.0001,788,264,8,965,804,2,2,7,0.010796368111808896,17.304691100793562,4.2321617603302
201,none,0.38181673953432094,0.01,300,245,8,206,1341,7,2,8,0.03264228235937634,97.37769512803649,0.2058713436126709
202,none,0.1702093845288622,0.01,761,828,-1,1198,587,10,3,9,0.02056712770099589,62.06268403180113,1.210453748703003
203,elasticnet,0.7506880152633376,0.001,489,22,8,1026,252,3,4,8,0.07544834849183918,32.12973631380475,1.5060689449310303
204,l1,0.8591389931905178,0.0001,728,309,8,384,715,4,4,10,0.029505997525248674,61.25147046874223,1.3054633140563965
205,elasticnet,0.4295577522720547,0.001,884,330,-1,179,1382,3,5,10,0.0668309470904093,83.06208972371378,1.7083375453948975
206,l2,0.3348326267263804,0.0001,301,970,8,984,1299,6,4,8,0.03460422461749979,62.076830915760546,0.6061618328094482
207,none,0.16587356671576725,0.0001,536,966,4,1077,714,7,3,10,0.07479540450556216,65.29182937455289,1.1051642894744873
208,l2,0.4443395482743877,0.0001,436,901,8,1253,899,5,5,11,0.043947201381904936,38.525502120595085,0.7074253559112549
209,none,0.21420062856665423,0.01,836,843,-1,124,1364,2,5,7,0.024646386475930628,53.345859862140934,0.17374348640441895
210,l2,0.5131784596913458,0.001,441,590,8,659,892,7,5,10,0.02344259356858497,67.45860084880191,0.40451645851135254
211,none,0.12638957622863148,0.001,454,0,8,435,1088,6,4,10,0.08176526588622468,30.959532967566034,0.3041980266571045
212,none,0.8188461465074759,0.001,580,440,-1,1123,1304,5,4,9,0.09853672927430478,29.28440948403715,1.211944580078125
213,l1,0.29688791031094597,0.01,486,881,8,872,459,5,2,9,0.027269985955279564,88.40830746443774,1.4066367149353027
214,l1,0.7117987054728883,0.001,976,890,1,877,1239,7,4,8,0.0816200198024904,39.72143429830488,41.099969148635864
215,l1,0.827761686923248,0.001,790,634,4,1231,1119,5,4,8,0.08610066034887953,91.6388351520472,12.124454498291016
216,l1,0.32940324106634866,0.001,994,826,4,129,410,10,5,9,0.009375232873258688,35.42804590222989,1.0036897659301758
217,elasticnet,0.682297932035133,0.001,907,766,8,964,385,10,3,11,0.010855684028833412,45.595492829686876,5.414001941680908
218,none,0.2887290985025336,0.01,131,75,-1,546,909,9,2,8,0.05768657483675012,51.27452176520402,0.20639276504516602
219,elasticnet,0.8270556592617604,0.001,269,549,2,1172,505,2,2,9,0.0017068346111223653,19.63121977742078,1.0941917896270752
220,l1,0.6561880718714065,0.0001,125,866,8,643,1099,10,5,9,0.06992101848322292,69.20799547328843,1.106264591217041
221,l1,0.40872898008363956,0.01,162,58,2,1250,765,6,2,9,0.08967714034787568,51.0615680214618,3.009803056716919
222,l2,0.5067299102164502,0.01,929,902,1,1377,758,8,2,9,0.00625572075128349,33.014523300944475,9.905338764190674
223,l2,0.2789377639520625,0.0001,960,413,8,1192,878,8,2,7,0.014781465982586152,69.84434925256059,1.708986759185791
224,elasticnet,0.22678993681151668,0.001,844,441,2,1015,1108,9,4,9,0.08206703007227559,4.7196462697156445,29.54931640625
225,l1,0.852563818222324,0.0001,175,180,-1,912,1339,3,3,9,0.02624161927682339,3.1175719167949403,1.3102409839630127
226,none,0.401610099454231,0.01,475,452,1,513,442,9,5,12,0.01118796084026409,31.292882424455836,1.2841169834136963
227,none,0.5596441292585953,0.0001,753,803,1,309,1192,4,4,8,0.09065256463588917,8.831795683319829,1.3536787033081055
228,elasticnet,0.4941388653420732,0.01,214,646,2,1045,1332,5,2,6,0.024754634401136157,42.202596586897876,6.013674259185791
229,l2,0.5289459017296293,0.001,533,293,8,647,1131,4,3,6,0.05992758696653432,71.16086803296494,0.6070518493652344
230,l1,0.791422268135568,0.0001,554,985,-1,187,440,6,4,7,0.004922048076479069,6.799206696864837,0.3080265522003174
231,elasticnet,0.7620186054268553,0.001,634,192,1,594,383,10,4,8,0.06459006549732603,97.26690405846551,10.086698532104492
232,elasticnet,0.32499143094942706,0.001,685,470,4,746,675,8,5,10,0.08226100528987083,87.31238902048437,5.210977554321289
233,elasticnet,0.21763248948414635,0.0001,260,580,1,1215,1380,8,3,11,0.07287169135969516,20.67943706569913,24.66118860244751
234,l2,0.24185378749125494,0.001,156,580,8,100,1260,9,2,8,0.08913541076492594,54.42871798234497,0.10482621192932129
235,l1,0.18304183022480489,0.01,340,21,8,815,1164,8,3,11,0.0384448810865959,25.21642600413196,2.2075717449188232
236,l2,0.7556315433172911,0.01,639,295,8,335,621,3,2,5,0.09986641339051534,99.01264385923659,0.20424723625183105
237,none,0.5139094610201376,0.01,901,547,2,1030,373,2,2,8,0.048922753432429356,48.8794313475468,0.5062339305877686
238,elasticnet,0.6241985099912714,0.001,428,470,2,774,1254,7,3,8,0.04268408833321339,72.4428978482093,11.620301961898804
239,none,0.1639336340184217,0.01,876,139,2,975,608,3,4,9,0.016329502963466337,87.4073756589974,1.6052749156951904
240,none,0.4378668081553493,0.0001,997,345,4,1124,629,7,2,8,0.012504928632228485,26.834542444984784,1.9061775207519531
241,elasticnet,0.3057990668918823,0.0001,916,338,2,925,387,9,2,10,0.09620469598108712,46.759815748406055,12.821562051773071
242,none,0.304947180015529,0.01,414,809,1,921,1317,9,3,9,0.01941309015868642,2.8035737787392883,5.6942057609558105
243,l2,0.5563951116641057,0.0001,672,910,4,584,1269,9,5,9,0.08666837789869473,74.61463169241404,1.906991958618164
244,elasticnet,0.23295656150307967,0.01,524,638,4,477,959,5,2,8,0.06684093753401638,59.40529605111592,3.208259344100952
245,elasticnet,0.491496469397505,0.01,177,283,2,325,1076,6,3,7,0.06326520936197075,47.402299051202505,1.4044926166534424
246,l1,0.4220982957581634,0.01,289,156,-1,1116,618,8,5,12,0.0868976390826216,67.80598389887768,1.6126224994659424
247,none,0.5967724933250568,0.01,826,12,4,170,989,5,3,7,0.025267532813844654,59.61411797915445,0.40309977531433105
248,l1,0.10125369711569726,0.01,269,491,2,225,1031,10,2,7,0.03212877653580224,42.167079441234115,1.9045636653900146
249,l1,0.479688217914091,0.01,402,769,1,227,1065,5,5,8,0.06099127073355044,36.148826116087925,2.6705803871154785
250,elasticnet,0.35371964181701265,0.001,285,606,2,954,1054,7,4,10,0.09507271734912803,66.06619207751461,8.015925884246826
251,none,0.3742752540726191,0.01,221,52,-1,917,1086,9,3,9,0.07455569603939478,53.020915557033014,0.5120449066162109
252,elasticnet,0.4635485868983472,0.01,797,247,1,1150,1118,2,5,10,0.09493341260986754,56.570380994625474,6.408285140991211
253,elasticnet,0.3004523922154627,0.001,581,901,8,1282,1216,7,4,9,0.010937389921551367,17.235972269616394,6.920648097991943
254,elasticnet,0.35980471379981394,0.001,944,130,4,482,296,5,3,9,0.08217605011663195,25.800907216014842,2.0074875354766846
255,elasticnet,0.2264558801038973,0.01,790,10,-1,650,1002,5,2,7,0.021207102667675594,68.65966491106104,3.714507579803467
256,none,0.7373226438911423,0.001,434,439,8,691,532,8,3,10,0.029941709589633925,10.771260267764282,0.3045535087585449
257,l1,0.8817664682012074,0.0001,312,708,2,1280,737,5,4,7,0.05111494580898149,96.29161640841767,5.111081123352051
258,l1,0.7414253077402189,0.01,386,29,4,1223,642,2,4,7,0.06482461459662102,68.07701748459148,1.707395076751709
259,l2,0.46568034388129564,0.01,857,511,4,1290,1002,7,3,7,0.018407257715931914,5.072274062703125,2.9107913970947266
260,elasticnet,0.12019750383336324,0.001,497,394,4,575,1328,8,4,10,0.05868900388130765,56.30980972749262,5.612550735473633
261,l1,0.11794886556197773,0.001,995,909,-1,270,1327,2,5,8,0.058592147386001464,97.8338570159941,1.9778504371643066
262,none,0.5669115291181288,0.0001,868,106,4,633,216,3,3,7,0.09734830952282954,9.387286330179318,0.3043069839477539
263,none,0.20929653002654833,0.01,787,323,1,679,182,3,3,8,0.0959619809575367,7.494732844910002,0.5520660877227783
264,l2,0.35307552676047504,0.01,450,434,2,1269,343,5,4,9,0.07315888702268504,48.54867768684992,1.1040410995483398
265,l2,0.18934434504896513,0.01,496,541,1,442,334,10,5,9,0.0008492288218113875,86.16927654268756,0.983980655670166
266,l1,0.59797887154521,0.01,686,405,-1,186,1237,5,3,7,0.09354973305716424,11.531236845661311,1.0108294486999512
267,l1,0.4704882656236645,0.001,371,12,8,1287,152,7,3,8,0.04748671775758326,63.07721520557798,1.0045750141143799
268,l2,0.4026483851303678,0.01,980,872,2,1050,421,2,3,7,0.009523007059851853,37.65400877755351,0.7244291305541992
269,none,0.8415627993817093,0.0001,350,426,1,410,1282,6,2,6,0.08628058266744192,32.425642627279714,1.3476471900939941
270,none,0.48294236843665084,0.001,571,705,1,1058,755,6,5,11,0.06373081470137716,78.80992482336488,3.4402260780334473
271,l2,0.28976935303122964,0.001,642,103,1,132,1095,2,3,7,0.034140960806704514,69.56097557359594,0.11531758308410645
272,none,0.290711578598398,0.0001,865,667,2,463,1206,4,2,8,0.011732969436733876,54.847379568426135,1.2047507762908936
273,elasticnet,0.6070929300631476,0.001,456,205,-1,792,1252,7,3,10,0.019406299895639734,80.11558916130377,3.415499210357666
274,elasticnet,0.27076392890265377,0.01,506,484,1,1038,384,6,5,8,0.005484921931283604,84.65368241286328,9.34761643409729
275,l2,0.8016372832322032,0.01,331,207,2,1040,837,9,5,8,0.0832770037182717,35.77886680452959,1.906282663345337
276,elasticnet,0.3410895281322566,0.0001,382,626,8,857,613,3,2,5,0.07119610728760897,56.221735343675206,1.6065566539764404
277,none,0.16217029306743563,0.001,990,818,-1,223,281,9,4,10,0.059626819204740035,7.087431442941779,0.20554304122924805
278,l2,0.7421305922218434,0.01,994,67,4,1221,867,3,2,8,0.06898387521588688,75.51702701752411,1.4059484004974365
279,none,0.5428354044271027,0.001,857,400,2,720,877,8,2,7,0.09447414192556217,92.59623776033074,2.706568717956543
280,elasticnet,0.37006429030090404,0.0001,502,444,4,642,536,7,5,11,0.0030504106830564707,60.80768805277692,2.8067479133605957
281,l2,0.7932457483607256,0.01,161,165,1,724,1252,6,5,10,0.048997136881417526,42.15536733512595,1.0782709121704102
282,l2,0.888371033591307,0.0001,653,458,8,476,561,8,4,12,0.04659306468654552,13.457465420153126,0.4034078121185303
283,none,0.273856936046565,0.001,309,834,2,908,922,5,4,9,0.018996851175348575,21.89716204508395,1.0041821002960205
284,elasticnet,0.893769015147983,0.0001,995,351,8,1081,203,10,5,12,0.07519728054515805,78.88620431361583,4.71092677116394
285,elasticnet,0.6947504927067045,0.01,830,655,8,301,713,10,4,12,0.01263264695467451,55.28381855963243,2.707641839981079
286,none,0.3937814494377745,0.001,109,566,1,154,1315,9,5,9,0.0027781536428967304,48.301363831703895,0.24669694900512695
287,l2,0.6657638687903863,0.01,414,961,4,1394,770,9,4,10,0.05843562809303411,30.431080987171622,1.8063786029815674
288,l1,0.565157465926624,0.0001,812,952,4,708,1112,7,3,11,0.07226587919070869,85.93360037918785,7.816357374191284
289,elasticnet,0.17043416812498818,0.01,167,519,1,1389,625,6,3,9,0.011751208713035333,51.69539445106467,6.375456094741821
290,l2,0.19910843365281325,0.0001,357,297,8,902,949,7,5,10,0.05810736804449959,11.0922659326657,0.6047630310058594
291,elasticnet,0.49801393298119023,0.0001,610,409,-1,1001,157,3,4,7,0.038333314153820276,84.65016207994447,1.3098995685577393
292,elasticnet,0.7234943743247965,0.001,656,974,8,627,1157,6,2,8,0.06068622786768934,55.1723221134714,3.710609197616577
293,l2,0.1381575558835464,0.01,422,937,-1,553,599,9,2,9,0.006985513027771173,67.4783415301936,0.30914926528930664
294,l1,0.4297451685054753,0.001,121,139,-1,940,1326,8,3,9,0.09947626893994249,11.839406392452783,1.1112680435180664
295,elasticnet,0.6854241281600014,0.01,454,532,4,589,439,6,2,8,0.08653268778933523,83.11068500815011,1.9060955047607422
296,none,0.294462618487081,0.0001,341,716,-1,1078,347,3,4,6,0.01921953972273034,91.86220088193798,0.3091905117034912
297,l1,0.33596977281954654,0.0001,757,197,-1,1372,796,2,3,7,0.07157965539802404,89.39485357447364,4.49704384803772
298,elasticnet,0.673572848031311,0.0001,835,235,1,1143,759,3,3,9,0.06058234413802313,78.35524853356974,15.099241256713867
299,none,0.3766170269134569,0.0001,217,6,-1,641,1030,4,5,7,0.08338068697092665,89.08955509171953,0.2102820873260498
300,elasticnet,0.783731427812063,0.01,551,995,8,1279,1042,10,3,11,0.0014054347608064234,87.0282143295086,10.723672866821289
301,l1,0.8929940187822996,0.01,711,396,1,680,230,5,5,9,0.002277423417970426,9.767341017169558,3.3391995429992676
302,l2,0.49163580209341495,0.001,440,458,2,567,1110,7,3,8,0.08183916519763255,33.32559245801649,1.4051663875579834
303,elasticnet,0.8157758952494095,0.01,201,319,2,1079,355,8,5,9,0.02946286297540296,49.18840156201913,2.706287145614624
304,l2,0.13428257737603577,0.001,750,813,1,754,1175,2,3,5,0.029415200936797805,69.41289653140373,0.8141829967498779
305,elasticnet,0.6130167540641583,0.01,258,227,8,937,804,2,4,10,0.0036619095942241556,82.65143131745032,1.319390058517456
306,l1,0.28146671508990095,0.0001,892,700,-1,738,1096,7,3,9,0.036222650451647055,47.73892760030799,4.615325689315796
307,l2,0.8770809306518798,0.0001,641,668,4,974,383,6,3,10,0.042383715188311626,29.164315268820015,0.8038468360900879
308,none,0.39257829477204353,0.0001,344,386,4,553,451,9,4,9,0.0035973409701259285,13.68887958837342,0.4029982089996338
309,elasticnet,0.23906306414749423,0.001,842,277,8,1282,1168,4,5,9,0.04089889326004847,16.47897144925207,9.021778106689453
310,none,0.3936962539328952,0.001,683,171,-1,281,131,8,2,9,0.05754966402390399,37.13461869050011,0.10911059379577637
311,none,0.2471423216513241,0.001,359,77,-1,704,984,6,5,8,0.0015577117304048872,96.63148770815768,0.40781188011169434
312,l1,0.5798505410494261,0.0001,681,334,2,374,206,3,2,7,0.02733149475674942,15.384505372145984,0.7026870250701904
313,l2,0.6524324083374989,0.001,551,526,2,388,583,2,2,7,4.664195609896949e-05,13.133173758675026,0.15784263610839844
314,none,0.1347345194223551,0.001,672,484,1,406,257,5,3,10,0.026960179548669274,74.95448318299984,0.48004722595214844
315,l2,0.346099398002955,0.0001,160,662,4,408,1124,7,3,8,0.001384157303750222,52.33695152850643,0.20374798774719238
316,elasticnet,0.4625856007637138,0.01,702,958,4,839,675,4,4,9,0.0699976689191069,93.87227077776662,2.907172679901123
317,l1,0.8473499970648505,0.01,751,121,4,1158,277,7,4,9,0.0779796575919256,9.820737253700658,3.808417558670044
318,none,0.12337379438792057,0.0001,240,861,-1,805,778,4,3,8,0.08969990688958483,26.43608204912439,0.20712995529174805
319,elasticnet,0.34906280520256827,0.0001,252,201,1,660,1154,6,4,9,0.07308287130617731,23.008014497385716,7.969527244567871
320,l1,0.5404236095515215,0.0001,815,456,1,720,1296,7,4,7,0.020566393554355668,5.291228077323763,29.963656187057495
321,l2,0.6978774744188101,0.001,976,651,-1,426,612,9,3,7,0.06213014903320076,72.59091625154171,0.5096817016601562
322,l1,0.8277207207024059,0.001,980,456,4,282,1382,7,5,10,0.024003016763723864,13.700659436897476,4.509458303451538
323,l2,0.6229483573021246,0.001,920,580,8,430,474,5,2,6,0.03787266902378861,51.56433159269081,0.3040196895599365
324,l1,0.22875502642809797,0.0001,260,438,4,472,1179,2,3,7,0.05377571862272284,43.34923581203867,0.8039419651031494
325,l2,0.6650284602794916,0.0001,105,791,8,259,256,3,5,9,0.05774604982596381,20.14395080125618,0.10342025756835938
326,elasticnet,0.6280542001909358,0.001,440,100,-1,1253,1162,10,5,9,0.011787753667359535,22.028070231164843,5.124667406082153
327,none,0.16793945589757975,0.001,304,277,-1,1101,183,3,4,8,0.07795426034409479,26.29085105579581,0.20732545852661133
328,none,0.7904174928373668,0.001,140,307,4,898,113,3,2,5,0.010081868954371298,81.53665616766695,0.1024477481842041
329,l2,0.27819967629118186,0.0001,531,153,2,1061,155,2,3,6,0.0023312922426452776,18.10173502154842,0.17177677154541016
330,l1,0.6705239015658913,0.0001,184,805,4,237,597,7,3,11,0.07040848484549492,63.873363863969125,0.40271973609924316
331,none,0.16094629337374436,0.001,446,208,2,271,1022,3,3,8,0.07027934587449979,23.642631270202248,0.40247154235839844
332,l1,0.8122753683025937,0.0001,117,225,-1,392,126,3,3,10,0.025006391370166248,28.94660984236915,0.10712695121765137
333,elasticnet,0.730113493115685,0.0001,429,32,4,594,998,2,2,6,0.08310802932094025,17.919484593081616,1.7584598064422607
334,elasticnet,0.7513742079445597,0.001,142,17,-1,173,110,8,3,7,0.09344655238863862,57.11143268059465,0.10924029350280762
335,l1,0.7625241301717095,0.0001,751,984,2,397,936,3,5,8,0.014940994224050897,46.1361364439929,3.2075228691101074
336,l1,0.2553200077692831,0.01,942,676,2,1325,1302,8,3,11,0.07236516193723701,59.063374069992896,38.472805976867676
337,l2,0.8688677489472585,0.01,357,728,4,158,1342,6,3,11,0.08697389094847918,55.422543192036954,0.20317959785461426
338,l2,0.26836231888155115,0.001,938,875,1,293,397,4,4,11,0.00969304973844366,28.58063694028075,0.5697216987609863
339,none,0.8857301305357054,0.0001,939,339,8,1010,818,9,2,11,0.07746203160047904,88.01789115967445,2.0080931186676025
340,elasticnet,0.2906116517580702,0.0001,384,691,1,770,650,6,5,7,0.09586295258861327,43.6384904973956,8.024935483932495
341,elasticnet,0.6319839012350307,0.0001,249,733,-1,549,1297,7,4,8,0.06320250629060258,11.995859571817928,1.4104876518249512
342,l2,0.8224979492285563,0.0001,115,269,1,568,808,6,4,8,0.013674741713633276,79.28700157086736,0.40064549446105957
343,none,0.12173827726784472,0.0001,149,137,2,852,172,4,4,9,0.005317384156957605,59.708626881317414,0.2021479606628418
344,l1,0.87023868983522,0.01,130,318,1,1255,296,3,4,10,0.09444688258697366,17.744131253447566,0.9047751426696777
345,none,0.7663064356635404,0.01,442,649,1,480,816,5,4,9,0.019681677951982515,18.46323088708859,1.0741910934448242
346,elasticnet,0.18381445540432884,0.001,736,499,8,1343,313,10,5,9,0.09064271006525924,69.20797022297184,5.612504005432129
347,l1,0.3566383190781113,0.01,994,219,-1,1185,1016,6,4,9,0.013481368699235774,52.49144977711306,7.623729944229126
348,l1,0.43802323551168443,0.001,919,779,2,191,225,3,2,8,0.016894434260313253,86.81045795225937,0.5031282901763916
349,l1,0.45696532606323925,0.0001,156,992,-1,650,1026,7,4,8,0.004895977998115597,60.80158280257424,0.7105212211608887
350,l1,0.11247524206153639,0.01,947,356,2,868,544,10,2,10,0.06505927102709748,99.43292630108039,14.723936080932617
351,elasticnet,0.30117683730137257,0.001,422,210,4,658,1100,10,3,9,0.05156818228139925,66.01300104861205,6.8144919872283936
352,l1,0.4829949829075927,0.001,473,741,2,335,685,4,5,9,0.021545680512527955,60.38409762432863,1.404172658920288
353,l1,0.27441895629528257,0.001,304,903,1,638,171,4,4,9,0.009661836769328726,90.9309867063273,1.1008071899414062
354,elasticnet,0.32215862197214423,0.001,966,645,-1,356,848,5,3,7,0.0260638369967388,78.79817313116591,2.311634063720703
355,none,0.10314356491405788,0.001,755,902,-1,1320,1318,4,3,6,0.031493107493504056,33.095034132986406,1.7136635780334473
356,elasticnet,0.32043419303893944,0.001,354,736,4,862,814,9,4,12,0.03617376044846943,20.185118886601032,5.311689138412476
357,elasticnet,0.8018037627986389,0.001,222,531,1,808,1309,4,5,10,0.09046913777976867,27.310299649660738,6.488284349441528
358,elasticnet,0.4955511361574073,0.0001,306,696,8,615,397,9,3,9,0.01729949083660375,84.29905541276239,1.1051735877990723
359,l1,0.8921512080230458,0.001,637,142,-1,972,1203,2,3,8,0.044198219235757966,74.56576250436765,4.201068639755249
360,l2,0.8706856984160009,0.001,689,9,1,1178,345,2,5,7,0.06315376876645123,31.1814379302761,0.5060389041900635
361,l1,0.39568666195695645,0.01,296,23,4,1161,1328,3,2,9,0.05861914410150332,42.77164873727346,2.8105199337005615
362,l2,0.1857381395979233,0.001,829,311,2,624,435,2,3,6,0.08785592486847067,52.498795544455874,0.29213786125183105
363,none,0.8407893306741874,0.001,296,751,1,1063,1129,8,5,11,0.050294719947183576,79.33734140458408,3.606372356414795
364,none,0.23234391861456638,0.0001,925,364,4,762,365,7,3,9,0.04148809510446336,53.88052148137152,0.9039442539215088
365,l2,0.8784090455180803,0.01,419,538,8,454,852,7,4,10,0.035148611398506883,4.199950628156124,0.30399155616760254
366,l1,0.8680185642406403,0.001,696,319,1,255,411,4,4,10,0.025839971254467665,99.74843744892587,1.6179778575897217
367,l2,0.6405070768051574,0.0001,612,713,-1,330,284,9,2,9,0.07505295572735246,62.63181645085834,0.2082509994506836
368,none,0.23400417867612966,0.0001,729,491,2,937,152,3,3,10,0.08440456320806049,84.53298470068692,0.5024421215057373
369,elasticnet,0.1647194557689149,0.001,570,132,4,547,946,2,4,9,0.028852088291787703,60.46247491248601,2.042329788208008
370,l2,0.7172333815870092,0.0001,143,348,8,1397,207,5,4,10,0.03702253877541555,91.98383481223023,0.20519495010375977
371,l1,0.8184978617319486,0.01,925,326,2,1074,537,4,5,9,0.043891219431037166,63.827166192820556,7.413642168045044
372,elasticnet,0.8046443510631133,0.01,625,304,2,642,510,5,2,9,0.07461348796240963,92.40808957696238,4.509355545043945
373,elasticnet,0.4211241404004118,0.0001,165,860,4,1249,1147,9,5,10,0.09402867194385355,88.51921067297424,5.113521099090576
374,l1,0.7055314615607798,0.001,696,341,2,638,414,8,2,8,0.04301991709325692,73.34466194372139,4.909555435180664
375,l2,0.8114095334036745,0.01,638,404,1,854,1136,7,3,11,0.01651915274151323,68.82229801435166,5.338888168334961
376,l1,0.5606009648900027,0.01,490,95,1,1226,1061,5,2,8,0.08322597552573444,92.57630534419219,18.0146803855896
377,none,0.6580724129439074,0.01,805,840,1,1271,449,5,4,7,0.003503250354550536,59.38825128853716,3.8945271968841553
378,elasticnet,0.43032465292560695,0.0001,171,97,-1,660,130,4,3,9,0.08012222366086626,4.887383655126247,0.21091556549072266
379,l2,0.430765266645579,0.01,385,791,1,515,409,7,5,11,0.009121719518884108,69.63722051876773,0.7459073066711426
380,l1,0.5376868971087058,0.0001,204,211,1,171,665,3,4,10,0.08030529053345958,1.527627275498228,0.3849201202392578
381,l1,0.32655536403153707,0.001,997,399,1,878,1343,3,3,7,0.06416850382812882,2.41475583038412,19.295623302459717
382,l2,0.3907024665724035,0.001,538,719,2,148,781,9,2,7,0.016063999206712986,34.89607055660075,0.4022350311279297
383,l1,0.3651494651360644,0.001,629,349,4,117,666,4,3,9,0.09752997374898056,30.91335589239974,0.40267086029052734
384,l2,0.8084199623181095,0.001,317,719,2,1357,661,8,2,9,0.02823113527482425,44.917015593920084,1.8063054084777832
385,none,0.5195664530699226,0.01,633,20,2,461,1022,2,4,9,0.01993745388741938,6.5769159637711985,0.3662705421447754
386,none,0.38255642414999536,0.01,701,493,2,1310,1363,6,3,8,0.0968261983721105,33.87567326434121,5.315027475357056
387,l1,0.4281734574949223,0.001,152,935,-1,854,158,7,5,10,0.03374963926609966,29.528294480174054,0.3096914291381836
388,l2,0.2765672152665779,0.001,663,399,8,799,1061,9,2,9,0.09154811124803204,59.87994131051038,1.5070545673370361
389,l1,0.45343710006950466,0.001,833,47,4,454,1063,4,2,9,0.037097373549678694,92.77979664850697,2.5068702697753906
390,l2,0.33192476026556283,0.0001,441,206,4,136,761,8,2,8,0.07264435316324001,19.898520847654826,0.20246434211730957
391,l1,0.6313058916541832,0.01,623,207,1,898,438,6,2,9,0.03405744048773198,33.22328279294774,8.424505710601807
392,none,0.5842715684943193,0.0001,460,412,8,125,147,7,3,10,0.0603838722158782,21.73260639079903,0.10327458381652832
393,elasticnet,0.266942972734787,0.01,419,589,1,689,669,3,3,7,0.007094611940394524,50.40439900576009,3.711245536804199
394,elasticnet,0.7994462003081756,0.01,857,324,2,842,483,2,3,8,0.06291723130721599,23.108980683213073,2.339582681655884
395,none,0.14792518946251898,0.0001,268,751,4,1122,1300,5,5,8,0.05096523164278297,70.96673913650108,1.005507230758667
396,l1,0.24518364939272558,0.0001,362,53,2,1096,1126,3,2,8,0.08538191975863597,89.54254139571574,5.111740589141846
397,none,0.283562997049592,0.01,789,566,2,420,1345,7,5,10,0.0852418300386026,64.50676131142441,2.2062249183654785
398,l2,0.5359668563151643,0.01,691,46,8,1210,679,8,2,8,0.02651132597168353,31.22347973409429,1.0063462257385254
399,l2,0.3975316231588546,0.001,400,515,1,756,632,2,2,6,0.07997464200198151,97.12458362402768,0.2429218292236328
